Comment ID,Body,Author,Created Date,Score,Parent ID,Submission ID
nlxa807,"These are easily the best pickles around in Ontario. The full sour dills and hot and spicy and incredible. Even the hot, sweet, and spicy chips are killer","FridgeFucker17982",2025-10-29,1,t3_1oip2sr,1oip2sr
nlx1n4h,"Right?? It was my favorite with Oven Roasted Chicken (another sunset item üò≠). //The best part is it‚Äôs a pretty neutral flavored bread, so you can top however you want! Sesame seeds are my favorite, but I also love zaatar and herbes de Provence","jjrandall",2025-10-28,2,t1_nlx17ax,1oiorez
nlwo04r,"The problem is porkbutt is a cut of meat that is best slow roasted to give the connective tissue time to break down","juliacar",2025-10-28,19,t3_1oin1jr,1oin1jr
nlwpwlr,"I need a grilled cheese with that STAT","darkeststar",2025-10-28,2,t3_1oimo91,1oimo91
nlwv81i,"The buns!!! They look great","Visible_Photograph86",2025-10-28,1,t3_1oil9n8,1oil9n8
nlx54ze,"Let them know that you have put poison in one of the buns. It‚Äôll be like Russian roulette.","SoMuchEpic95",2025-10-28,1,t3_1oil9n8,1oil9n8
nlw2kd8,"I have been getting big tubs of BestMaid pickles. Sour and Dill are both really good. You can order them off Amazon if you don't have them locally. I have been getting them from Amazon for years.//If you haven't had a sour pickle before, they are very similar to dill but more intense. When I grew up in Florida I used to eat them ll the time not knowing what they were. If you saw a huge glass jar with a bunch of pickles at a gas station or deli, they were probably sour pickles. When I moved west, I kept trying different dill pickles but couldnt find one that punched me in the face like I used to get in Florida. Someone recomended sour pickles and it was like magic after my first bite.","alttabbins",2025-10-28,2,t3_1oika4j,1oika4j
nlw4qhb,"You can order Disneyland pickles here: [https://delivery.gfsstore.com/store/gfs/products/35442727-deli-pickles](https://delivery.gfsstore.com/store/gfs/products/35442727-deli-pickles)","bindersfull-ofwomen",2025-10-28,2,t3_1oika4j,1oika4j
nlwes76,"You can see if you can find them with reasonable delivery. Also I'm in the South, lived in NYC, and in BOTH places so pickles are never refrigerated. It just sits on the counter. I just wanted to give you the name because I've seen it here often.","bindersfull-ofwomen",2025-10-28,2,t1_nlwe1rd,1oika4j
nlwgl5y,"Kelp pickles were a Tiktok trend maybe 2 years ago. I hope it's the original creators of it, but I aint looking up all that.","bindersfull-ofwomen",2025-10-28,1,t3_1oiiv4j,1oiiv4j
nlvjl1j,"After you chill and lift off the fat-cap, that is pretty much rendered fat//You do want to make sure there is no stock hanging off of it. You then can melt and strain with cheese cloth to make sure it is free from solids. Heat it once more to make sure to drive the water out of it, so you are left with a pure fat.","Ok-Butterscotch2321",2025-10-28,1,t3_1oihtp9,1oihtp9
nlvk46c,"I guess my worry is the gelatin. There was a lot of gelatin mixed in with the fat I collected, I worry the cheesecloth won't capture it because it just liquifies once it's heated up again","rainbow-lapis",2025-10-28,2,t1_nlvjl1j,1oihtp9
nlvnp63,"I made one this weekend and it goes well with cheese but my guess would be marmelade or chocolate would be better.","Thecatstoppedateboli",2025-10-28,2,t1_nlvhmaw,1oifws0
nlurchc,"When i get a lemonade from wherever, I have them put pickles in it","isthatsoreddit",2025-10-28,2,t3_1oidc8d,1oidc8d
nluk91l,"Looks absolutely unreal, now I'm craving cheese at 2am thanks a lot","kindlyinterval5",2025-10-28,1,t1_nlu9xnu,1oi9euw
nlvsduk,"I love their Dijon mustard. I didn‚Äôt know they sold pickles too","CombatWombat1973",2025-10-28,2,t3_1oi3l2y,1oi3l2y
nlsn7fh,"Seems difficult in the UK now to get gherkins/cornichons without sugar. Paid ¬£7.50 for these at a cheese shop!","Tasty_Event_7721",2025-10-28,1,t3_1oi3l2y,1oi3l2y
nltblsc,"... and cheese is just milk and salt.//Your starter is ingredient #4.","hirsutesuit",2025-10-28,-2,t1_nlrthn7,1ohyqey
nltgdfb,"Except for the fact that milk won‚Äôt become cheese without an additive like rennet. Starter is nothing but flour and water to begin with, so in terms of additive ingredients, i still say it‚Äôs only 3","PaceEBene84",2025-10-28,4,t1_nltblsc,1ohyqey
nlrnmuc,"I just googled Claussen deli style. They looks almost exactly like the ones in the glass jar, just bigger and with deli style on the packaging. They look like the same pickles.","Taranchulla",2025-10-28,1,t1_nlriawj,1ohx99s
nlr9jn1,"Man Detroit style is so underrated, that crispy cheese crust hits different than any other pizza style","Hot-Championship5958",2025-10-28,12,t3_1ohx8eq,1ohx8eq
nlrv6hg,"I haven't had it but it looks so good  because of that cheese that I'd eat it. I'm not a pizza fan. If I like a pizza, that's kind of a big deal.","Purple_Woodpecker799",2025-10-28,-2,t1_nlr9jn1,1ohx8eq
nlwi0ml,"Both, the pepperoni was under the cheese. Not sure why I did it that way.","ItsCheesyGood",2025-10-28,1,t1_nltbc4h,1ohx8eq
nlr9mua,"Lmao avatar day cookies, that's a perfect way to describe raw dough. Your butter timing probably messed with the gluten development too - brioche is already a pain to get right even when you follow the steps. Next time try adding the butter after you've got some decent gluten going, and maybe bump that temp up a bit since you're doing a loaf instead of buns","PriorImprovement8628",2025-10-28,2,t3_1ohx55o,1ohx55o
nlukbmv,"Here is what I do for the brine. If you‚Äôre doing fridge pickles and not actual canning, you don‚Äôt need to boil the brine unless you‚Äôre using powdered ingredients.//1:1 vinegar (minimum 5%) and water. You can change that ratio if it‚Äôs too vinegary for you. Add a tablespoon of salt for a quart jar. I don‚Äôt measure the seasonings but they can include dill weed or seed, mustard seed, garlic, chili flakes if you want heat.//I let them sit for at least three days before eating, that‚Äôs when they start to get a proper pickle flavor.","nifty-necromancer",2025-10-28,2,t3_1ohwgjo,1ohwgjo
nlrh8fm,"I haven‚Äôt made shelf stable pickles before, but lots of fridge pickles. I found that adding hot brine to the cucumbers kinda cooks them in the jar and I don‚Äôt love that, they get kinda soft. (Although I have seen grape leaf added which supposedly helps maintain the crunch, and you mentioned alum serves that purpose too?) I‚Äôve actually had good success packing the jar with cucumbers, adding the vinegar, water, dill, garlic, salt, (pepper corns, mustard seed, grape leaf, etc) and shaking it up until the salt is dissolved. No boiling, no heat required. Once the salt is dissolved after shaking I keep them in the fridge as long as I can wait, 5-7+ days. Unfortunately I never write down the ratios so they never come out the same way twice, but they‚Äôve never been inedible!","fleasnavidad",2025-10-28,1,t3_1ohwgjo,1ohwgjo
nltbqpk,"We had a huge garden when I was growing up, and my mom would make the best dill pickles.  It was tough having to wait the 6 weeks to eat them.","Public_Road_6426",2025-10-28,1,t3_1ohwgjo,1ohwgjo
nlthnx6,"You can eat them now, but if you like them really sour let them wait. //I make refrigerator vinegar pickles all the time, without alum,  they are ready in 3-5 days.","SubstantialPressure3",2025-10-28,2,t1_nls58bn,1ohwgjo
nlr8c2b,"interesting! appreciate the info ive never heard of alum. it seems your pickle recipe seems good but if it was horrible at 4 weeks thats not a good sign. if they are supposed to be fermented you might not want a full seal.  all i know is fridge pickles (vinegar, garlic, keep sealed in fridge) or fermented pickles (salt/water brine, garlic, dont seal because fermentation makes gas bubbles)","wesleypaulwalker",2025-10-28,1,t1_nlr7ebb,1ohwgjo
nlt97r4,"Key West Pickles Pub","talkingtoawall710",2025-10-28,1,t1_nlsggv2,1ohvnsb
nlt96ry,"Key west Pickles Pub!","talkingtoawall710",2025-10-28,2,t1_nlrhgsa,1ohvnsb
nlqk5r3,"Looks amazing! That cheese combo sounds absolutely perfect - cheddar and gouda together is chef's kiss. The design on top is really clean too, especially for a first attempt at doing patterns","SoftlyExclusive",2025-10-27,2,t3_1ohtzy3,1ohtzy3
nlqnkb7,"Thank you so much, I appreciate the compliments! It turned out pretty yummy, my bf described it as a grilled cheese made into bread.","Any_Ad1923",2025-10-27,1,t1_nlqk5r3,1ohtzy3
nlr0qxv,"Ive never been one to make pickles...I've always been afraid to try lol I don't wanna mess up. finally I tried on like Sept 19th I think and it says leave them for 6 to 8 weeks. Halloween is 8 weeks and I'm so nervous to open them. what was the recipe for yours?","krissibabyxo",2025-10-28,2,t3_1ohtv8h,1ohtv8h
nlr8u60,"I have been alternating between these two recipes https://www.thewardrobeconsultant.com/recipes/crisp-new-pickles and/https://agardenerstable.com/east-coast-new-pickles/.","partycurl",2025-10-28,1,t1_nlr0qxv,1ohtv8h
nlr8dqm,"I realized I completely forgot to mention what type I made. I made 48 hour briney refrigerator pickles cucumber, salt and spices only.  I have crisper but I didn't need to use it, I got fresh cucumbers and they stayed crisp.","partycurl",2025-10-28,1,t1_nlqpfu4,1ohtv8h
nlrfowa,"I prefer the taste to the ones I made where I boiled the water and added vinegar. I also dislike most store brand fresh pickles. I'm super picky. You will have to post when you use these recipes!","partycurl",2025-10-28,1,t1_nlrb67a,1ohtv8h
nlrg7u5,"I honestly love most pickles. I can eat a Mt olive one week. the next week eat claussens...then the next week fermented... lol the only ones I don't eat is sweet / bread and butter!","krissibabyxo",2025-10-28,1,t1_nlrfowa,1ohtv8h
nltl5n4,"Cornbread is one of the easiest things to make with a few ingredients. Like I think it was one of the first things my kids made on their own.///Starting with a mix is totally fine. Or look up a recipe (King Arthur is great!), get the stuff from the store, mix, bake, and enjoy delicious cornbread.¬†///You'll have cornmeal and eggs left over, so you can make more, maybe add a finely chopped jalapeno and some cheese, or whatever you like.¬†","starflower42",2025-10-28,1,t3_1ohtiyk,1ohtiyk
nlq19w0,"Dude that looks incredible for loaf #5! The crust looks perfect and you nailed that ear //  /Dutch oven method is game changing isn't it? Once you get comfortable with that recipe definitely try adding some mix-ins like herbs or cheese - takes it to the next level","correlationlone",2025-10-27,-38,t3_1ohri7y,1ohri7y
nlpximm,"Cream cheese. Mascarpone is a type of cream cheese","Ordinary-Finger-8595",2025-10-27,25,t3_1ohr4aj,1ohr4aj
nlpyqam,"Some midwestern recipies call for cream cheese in the ""bechamel"" mix, which I think is a reasonable substitute. The slight tang is always welcome.","zk3033",2025-10-27,7,t3_1ohr4aj,1ohr4aj
nls3obi,"You can swap mascarpone with cream cheese or a bit of heavy cream and it‚Äôll stay creamy and rich","SpicyNaty",2025-10-28,3,t3_1ohr4aj,1ohr4aj
nls8ny0,"Double the recipe and use half an 8oz tub. Then throw the unused tub in the freezer until next time you make the Mac n cheese.","chefybpoodling",2025-10-28,2,t3_1ohr4aj,1ohr4aj
nlqc2cm,"Get an 8oz tub of it and make the Mac and cheese. //Then make tiramis√π with the rest. Problem solved no substitute needed.","BostonFartMachine",2025-10-27,2,t3_1ohr4aj,1ohr4aj
nlpxpdj,"Combine what the other people said, u see e cream cheese with a splash of heavy cream","bigfoot17",2025-10-27,1,t3_1ohr4aj,1ohr4aj
nlv6cjq,"Not sure what 20g of Mascarpone could change in a recipe though üòÖ///I would have substituted with sour cream as I always have that around if I didn't have cream cheese handy.¬†","ovizii",2025-10-28,1,t3_1ohr4aj,1ohr4aj
nlqmibs,"Heavy cream, a bit of creamcheese and a knob of butter.","morticia_dumbledork",2025-10-27,1,t3_1ohr4aj,1ohr4aj
nlq6ct6,"I would just use heavy cream. Someone else mentioned cream cheese, which has a sour tang. The tang might not be discernable with all of the other ingredients in your M&C, though.//I'd say plain heavy cream has a closer flavor and has high fat content, like mascarpone.","Gut_Reactions",2025-10-27,-1,t3_1ohr4aj,1ohr4aj
nlqmevc,"Oddly enough I recently bought a more than I needed thinking I‚Äôd make more tiramisu than I did and ended up having extra mascarpone to use up. I used a spoonful here and there to mount into pan sauces or pasta sauces, as I might butter or cr√®me fraiche.  I ran out of cream cheese for my morning bagel and used it instead and drizzled honey over it and was pleasantly surprised.","BostonFartMachine",2025-10-27,1,t1_nlqlqzu,1ohr4aj
nlpkafz,"Suddenly I'm craving a cheesesteak","Force321X",2025-10-27,5,t3_1ohp8d4,1ohp8d4
nlq8iyy,"I love rolling my baguettes in Sesame seeds. These are incredible looking, you really knocked it out the park here. Wow!","Dependent_Stop_3121",2025-10-27,1,t3_1ohp8d4,1ohp8d4
nlpil7c,"Those look solid! The seeded one is calling my name - there's something about those sesame seeds that just hits different on sourdough","Wild-Acanthisitta742",2025-10-27,0,t3_1ohp8d4,1ohp8d4
nlpkilj,"I love making cheesesteaks. Sadly, since moving from PA to SoCal I can‚Äôt get the right cheese (Cooper Sharp).","TurrettiniPizza",2025-10-27,6,t1_nlpkafz,1ohp8d4
nlprcvt,"South East PA myself! https://coopercheese.com/pages/buy-online I think you can have it delivered directly from their website. I don't know if there are any restrictions or extra fees for distance.","Force321X",2025-10-27,3,t1_nlpkilj,1ohp8d4
nlqrb9f,"Wegmans carries Cooper cheeses in the deli. Just in Case a Wegmans is near you.","Sean_man_87",2025-10-28,1,t1_nlpkilj,1ohp8d4
nlp66hp,"Yes, looks like perfect for Philly cheese steak!","Sharp-Ad-9221",2025-10-27,2,t3_1ohng6q,1ohng6q
nlp2wg8,"upon further inspection, this appears to be topped with custard and guava (?), \*not\* nacho cheese and pickle as I initially feared","fontinalis",2025-10-27,50,t3_1ohmr8a,1ohmr8a
nlpz6a1,"is that cheese sauce and a pickle?","HamBroth",2025-10-27,2,t3_1ohmr8a,1ohmr8a
nlpfecm,"I didn't even think that this can look as if it had nacho cheese and a pickle but I keep getting messages from my friend asking if I put a slice cucumber on it. Damn xD Yeah, so I made vanilla custard and that's a pear slice there, indeed. Nothing else, haha.","Fairy2play",2025-10-27,21,t1_nlp2wg8,1ohmr8a
nlpwftf,"That will work, I‚Äôd maybe add a couple tbsp of butter to offset the leanness of the meat. I personally add a little flour to thicken the gravy but that‚Äôs optional.","Bobaximus",2025-10-27,3,t3_1ohls0t,1ohls0t
nlouaz8,"What exactly are you asking? haha. Of course you can swap one red meat for another. Are you more asking for what flavors typically lend themselves more to bison? //You don't need to change anything though, unless you want to. There is no ""should"" though","WillowandWisk",2025-10-27,-3,t3_1ohls0t,1ohls0t
nloxgjd,"That's a good idea. I've made chicken broth before, but I've never tried doing so with another meat. Should I use a bone-in roast or something else?","Maker-of-the-Things",2025-10-27,1,t1_nlox1wd,1ohls0t
nlozy20,"We have quite a bit. Several roasts, 4 packages of stew meat (havent weighted them), and some steaks. I'll see what I can find online. Thank you!","Maker-of-the-Things",2025-10-27,2,t1_nloz5os,1ohls0t
nlp697k,"You won't have a problem with chicken, vegetable or beef broth overpowering the bison. You are fine to use your normal packaged broth. All will work with the flavor profile in this recipe using Bison. Though Bison does have a slightly different flavor than beef, it is similar enough that it can be interchanged with beef in almost any recipe.//Source: Have cooked Bison, antelope, venison, elk, and bear. I don't really recommend the bear for normal cooking methods. The biggest issue with any of them is that they tend to have less fat than farmed beef. Most of the time I am adding fat in some way when using game meats. //Farmed Bison should have more fat than most meats since most bison is also farmed and fed with grains. I would make your recipe as if using beef the first time. If the meat gets dry and tough during simmering/baking then you need to find a way to add some fat in next time. You could add fats by using ground beef along with the chunk bison, adding in pork belly, or even adding in uncooked bacon. If you use a simmer stage before putting everything in your pie shell you can remove the bacon after simmering. Otherwise, chop it into small pieces and put it in the pie with the bison. //I've also had some success by coating game meats in olive oil and searing them on high heat to seal them before putting in the pie or in the pot to simmer. In this case I'd guess at least some of that flour is going on the meat and the meat is getting seared. Oil is a fine line in this situation. Some oil helps it stick. Too much keeps the flour separated from the meat and it falls apart. If you have issues with the recipe working on the first try my guess is going to be this is the step you need to play with.","Kyrlen",2025-10-27,5,t1_nlozy20,1ohls0t
nlpbeu7,"I've made this recipe before (using beef) and it was delicious. //The bison is grass fed and finished, so I don't know how much grain it got during its lifetime (i know that grass fed and finished doesnt mean it never got grain). it does tend to be quite lean. I was planning to render the ground pork fat we got from the hog we bought earlier in the year.. im assuming that would be good to use to add fat to the meat? I believe the recipe suggests adding the flour to the saut√©ed vegetables, stirring in the broth, then adding the meat after.","Maker-of-the-Things",2025-10-27,1,t1_nlp697k,1ohls0t
nlpkzel,"I would honestly make the recipe as is the first time substituting the bison and adjust from there the next time you make it. Worst case scenario making it as is is the meat gets dry and chewy instead of tender. It will still be perfectly tasty and edible.","Kyrlen",2025-10-27,2,t1_nlpbeu7,1ohls0t
nlrm1lv,"But a meat thermometer and stop using timings given by recipes.¬† it's the only way to get good, consistent results with meat since by nature every piece is different in size and shape¬†","Great68",2025-10-28,1,t3_1ohi9mm,1ohi9mm
nlpk2a7,"Subway scares be, because‚Ä¶ that meat 100% includes Hep C.","20thCenturyRefugee",2025-10-27,4,t3_1ohicxj,1ohicxj
nlnvoi3,"I use them if I have a good soft cheese spread on hand. I will toast them up in the oven and put the cheese spread on it.  Makes for a good snack.","PaganQueenNaturally",2025-10-27,3,t3_1ohh5km,1ohh5km
nlqkdun,"My family knows to save the heels for me of any type of homemade/artisan bread. Store bought squishy bread? We rarely buy it, but those heels are flipped and made into grilled cheese sandwiches.b","iknowyouneedahugRN",2025-10-27,3,t3_1ohh5km,1ohh5km
nloacyy,"I also like the heels of the loaf but for those who don't, they make a fine grilled cheese sandwich. Turn the crusty side to the inside of the sandwich and make as usual. By the time the grilling is done you won't be able to tell that it was made from the heels. The inside becomes soft and indistinguishable from a regular sandwich.","spreal",2025-10-27,1,t3_1ohh5km,1ohh5km
nlod1nb,"Bread heals are the best for holding weighty amounts of avocado. A toasted heal, half an avocado, sesame seeds, some flaky salt‚Ä¶<drool>","Steel_Rail_Blues",2025-10-27,1,t3_1ohh5km,1ohh5km
nlpiiya,"I put the heel end on the inside of a grilled cheese sandwich. Or I throw it in my bread scrap bag in the freezer for stuffing for a turkey.","DensHag",2025-10-27,1,t3_1ohh5km,1ohh5km
nlrxx8b,"If it's cut thick enough I have no preference. I don't see the difference between that and hamburger buns, hot dog buns, sub sandwiches etc. But if it's good bread like sourdough I'm 100% going for the ends","Averagebaddad",2025-10-28,1,t3_1ohh5km,1ohh5km
nlve6s6,"These make better hotdog buns than actual hotdog buns. //I will die on this hill and take you with me.","Superlite47",2025-10-28,1,t3_1ohh5km,1ohh5km
nlw3l7g,"I just call it the crust and I like it, especially for cheese on toast.","Suspicious_Banana255",2025-10-28,1,t3_1ohh5km,1ohh5km
nlnwvcl,"Completely agree! I no longer eat meat but the end cap slice was the only piece of a beef roast I‚Äôd eat when I was a kid.","Fyonella",2025-10-27,5,t1_nlnvohp,1ohh5km
nlw1kr2,"Just flip it over so the crusty side is inside the sandwich and make a grilled cheese. You'll never notice it and it doesn't get thrown away.","CyberDonSystems",2025-10-28,1,t1_nlo5csc,1ohh5km
nlny81i,"I think if I were doing it I'd use ground breakfast sausage, break it up and brown it in a frying pan.  Just after dimpling the focaccia I'd sprinkle that over the top, crack a suitable number of eggs on top (maybe try to make cavities to hold them,) then sprinkle the whole thing with cheese before it goes in.//And maybe try to bake it at a slightly lower temp for longer to avoid burning toppings.","win_awards",2025-10-27,1,t3_1ohgrvd,1ohgrvd
nlod0va,"I'm not sure how well focaccia would hold inclusions but if you're worried you could sprinkle the sausage on before dimpling it and push it down into the dough.  Some topping loss is inevitable, but between that and the cheese I don't think you'd lose much.//eta: Forgot to mention, I could offer you my focaccia recipe, but I use a starter so if you're using store-bought yeast you'd have to modify it somewhat.  Probably better to try King Arthur's.","win_awards",2025-10-27,1,t1_nlo8f78,1ohgrvd
nlnjmiu,"It‚Äôs coming I promise üò≠üòÇ/Give me an hour or at least 30 mins so it doesn‚Äôt pill up with the knife. The satin texture makes me think it‚Äôs gonna be a nice, strong crumb. //I will be eating this as soon as possible for it to stay good, as I have been up literally all night tending to the dough. My stomach is ready for it. And it smells like cheese-its (the perfect level of sour and lactic acid flavors)","GrayDawg23",2025-10-27,1,t1_nlnitxu,1ohfcga
nlo2ogu,"Thank you! I put cheese on the top too for the last 10 mins of baking - deffo recommend ü§§","ReynartTheFox",2025-10-27,2,t1_nlngn3o,1ohfbj9
nlnvn41,"- savoury strata or casserole dish. chop it up and mix it with some eggs, milk, veggies, meat, cheese, seasonings, pour into a large dish and bake /- toast and pulse in a blender to make breadcrumbs to use as a topping (for pasta, soup, salad) or a breading coating (for fried chicken, mozzarella sticks, tempura) or a binder (for meatballs, meatloaf, dumplings)","ruinsofsilver",2025-10-27,1,t3_1ohf4hi,1ohf4hi
nlu5gfs,"French toast!  Buns make good French toast, just cut off the top and bottom crusts.","spkoller2",2025-10-28,1,t3_1ohf4hi,1ohf4hi
nlxbs8f,"If you have the freezer space, make a filling of shredded cheese, browned Italian sausage, marinara sauce, sliced pepperoni. Slice the buns leaving a hinge and scoop out some of the bread inside - add that to the filling. Fill each roll/shell, wrap individually in foil, freeze. Whenever you want one, heat it in the oven and voila. Pizza subs. (From Good Cheap Eats).","Belfry9663",2025-10-29,1,t3_1ohf4hi,1ohf4hi
nlnv9x4,"To cook? I used a large frying pan with relative high sides. /If you plan to make other things with pretzel dough look up Laugenkonfekt. They‚Äôre like pretzel bites, maybe a bit bigger and rolled in different toppings (sesame, poppy seed, sunflower and pumpkin seeds) before baking. A very delicious snack.","frankenstein-victor",2025-10-27,3,t1_nlnqxfc,1ohez4b
nlovpvd,"Yeah but it was the most complicated way to adopt from the CDS. I had to wait 5 months for her to come to Germany (rabies vaccine, test, 3 month wait period due to EU regulations, and finally a flight parent that took her home). Worth it though. //I've been to Hamburg once as a kid. Long time ago hehe. //Spundek√§s is great and very easy to make. There are variations and everyone has their preferences for what kinds of dairy to use - most people use Magerquark, Schmand and cream cheese. Then sweet and spicy paprika powder, salt, black pepper, optionally garlic, and optionally very finely chopped onions. Though some people cut them in rings and place them on top. That's it. Done in like 5 minutes and delicious with Laugengeb√§ck. Or bread sticks, tortilla chips etc.","Rhiannon1307",2025-10-27,2,t1_nlosz11,1ohez4b
nln5654,"Thank you so much üòä We used up the leftover roast chicken and stuffing from yesterday‚Äôs Sunday lunch üòã //Yeah a cold kitchen is my problem too. Although it was a bit expensive, I bought this one and it‚Äôs been the absolute best thing! So easy to set up and put away. I‚Äôve made baguettes, cinnamon buns and hot cross buns so far üëç //https://www.lakeland.co.uk/63493/brod-and-taylor-folding-bread-proofer-and-slow-cooker-fp-205?utm_source=google&utm_medium=cpc&gad_source=1&gad_campaignid=20891625552&gbraid=0AAAAADtoD6M8bJOTA4SfTaMoZNsMiMe4u&gclid=Cj0KCQjwsPzHBhDCARIsALlWNG0MAYzSJWA_HeK06BHrdSBzifXEm6Fs9_AZObGWc7BK7QFz2mIw-lwaAi1lEALw_wcB","Jazzietunes",2025-10-27,1,t1_nln3qsi,1ohdg31
nln4tfq,"The other Chinese method, sometimes used in combination with cooking alcohol, is to blanch the meat briefly to remove the gamey smell.","langoustine",2025-10-27,3,t1_nln07eo,1ohce57
nlqk0il,"That is a very very good loaf to start with.  Goodness gracious...my first loaf looks like meatloaf compared to this.  Well done.","rolandboard",2025-10-27,3,t3_1oh9sn6,1oh9sn6
nlsrenu,"The Dead Meat podcast has a few different creepypasta episodes, plus a ton of other similar content if you're looking for more horror centric content.//James and Chelsea do awesome research on pretty much all the topics they talk about, too.","AwesomeMcPants",2025-10-28,1,t3_1oh5jlv,1oh5jlv
nlmj31i,"1. Creepcast with Wendigoon and Meatcanyon///2. Watcher - Are You Scared?///I like Watcher more than Creepcast because the episodes are bite size, but I'm still iffy about them because of that shit they pulled last year üòÖ","wondrous_sidekick",2025-10-27,1,t3_1oh5jlv,1oh5jlv
nlljs4m,"This may sound silly, but a standard, good food processor! I can dice and julienne well with a chef knife, but using a food processor is so much faster and easier. Grating cheese, mixing dough, chopping veggies, making potato chips or fries, it‚Äôs just so much easier. (Runner ups would be baking/ cooling racks, a great cutting board and chef knife combo, stainless steel saut√© pans, good stainless tongs.)","jpinakron",2025-10-27,14,t3_1oh4um5,1oh4um5
nln2773,"On the expensive end (my cheap picks are already on the list):   18"" chamber vacuum sealer.   Being able to seal liquid-heavy items (marinating meats for example) is huge, not to mention being able to seal things like whole briskets, racks of ribs, etc.   When I run my offset smoker now I always throw extra stuff on just to vac seal and freeze for later.","Draskuul",2025-10-27,2,t3_1oh4um5,1oh4um5
nls4cat,"My favorite is my ThermoWorks Thermapen instant read thermometer - besides meats, I check temp for cakes and bread, etc. Also I use my scale all the time. I do metric measurements, so it is great.","BrenInVA",2025-10-28,1,t3_1oh4um5,1oh4um5
nlsr6gf,"Make a¬†Battelman Cake (stale leftover bread pudding cake)//2 eggs//3 tablespoons of breadcrumbs//20 g of butter//160 g of cherries//1 teaspoon of cinnamon//50 g of ground almonds//250 ml of milk//75 g of powdered sugar//1 bag of vanilla sugar//250 g of stale milk loaf or leftover buns, brioche bread, etc.////Preparation: 15min//Cooking: 1 hour//1 Crumble the bread into small pieces and bring the milk to a boil. Pour the hot milk over the bread and crush with a fork. Add the sugars, almond powder and cinnamon and eggs one by one. Mix well.//2 Add the cherries to the mix and then pour everything into a buttered dish.//3 Sprinkle with breadcrumbs and sprinkle the butter into pieces. Cook at 210¬∞C for 1 hour.","purgruv",2025-10-28,1,t3_1oh3g26,1oh3g26
nlo0a24,"You can put anything in there - leftover veggies, cheese, maybe some ham. Season with herbs, salt, pepper and bake. It freezes well and heats up nicely in a microwave.","OldsterHippie",2025-10-27,1,t1_nllfu5a,1oh3g26
nll8iid,"I definitely found the technique online. I've made the pull apart a bunch but stumbled on this today.//Homemade Cheese Bread - Extra Soft - Sally's Baking https://share.google/jrpad1BujL1eayiyW","DewersHopScotch",2025-10-27,1,t1_nll7nno,1oh347q
nllfehb,"Might be too lean, depending on the leg and how it has been trimmed. The small ones tend to be lean. Legs can have a lot of silverskin and sinew relative to the amount of meat.","kbrosnan",2025-10-27,7,t3_1oh2j38,1oh2j38
nllth1g,"Thanks.  Okay, so small, medium or large grind?  Once or twice through (I have a meat grinder, and do 30lbs of beef every spring for 80 6oz burgers for the freezer)?","PierreDucot",2025-10-27,1,t1_nlldh0t,1oh2j38
nlnfoia,"Thanks for answering the question with your first-hand experience.  I want to use it for homemade gyro meat, and your response makes me feel like it would work.  Did you do a large, medium or small grind?","PierreDucot",2025-10-27,1,t1_nlmub8m,1oh2j38
nlls7ik,"The meat and all the grinder should be very cold. Cut the meat into grindable sized chunks and put into the freezer until half frozen. If you regrind, put the first pass back in the freezer and half freeze again before the 2nd run.","BadManor",2025-10-27,5,t1_nll6hki,1oh2j38
nlp1x2k,"Twice through fine grind using a Kitchen Aid meat grinder attachment.","Own_Win_6762",2025-10-27,1,t1_nllth1g,1oh2j38
nlqn67f,"Not at my Costco, sadly. But I can buy Grillo's pickles west of the Rockies and they're the ONLY pickles in my fridge now. Everything else is just limp cucumbers in vinegar.","Upset-Line-9389",2025-10-27,1,t3_1oh1stb,1oh1stb
nljmzkn,"I'm having a hard time deciding how I would use this. Maybe a grilled cheese sandwich/panini type deal.¬†","sargon_of_the_rad",2025-10-26,1,t3_1ogw5wa,1ogw5wa
nlslb45,"I bought the multipack on sale once. I really liked the mustard one which also had pickles in it and would go for that one over the pickle one.","Aggressive_Start_",2025-10-28,1,t3_1ogw5wa,1ogw5wa
nljllt3,"I love pickles with stems.","SubstantialPressure3",2025-10-26,1,t3_1ogvrok,1ogvrok
nlitent,"https://www.kingarthurbaking.com/recipes/chocolate-babka-buns-recipe","plantainpizza",2025-10-26,122,t3_1ogso7q,1ogso7q
nlml691,"I recognised these right away! They were one of the best buns I've ever made.","Happy-Demand2607",2025-10-27,3,t3_1ogso7q,1ogso7q
nlipv8w,"Too much cheese concentrated in one area; so when the loaf is baking all of the moisture from the cheese creates a pocket. //Try adjusting how you are incorporating the cheese into the load and it should be more consistent.//Edit: meant loaf not load lol","Haecceitic",2025-10-26,3,t3_1ogs32g,1ogs32g
nlkci5z,"Heck ya, looks great. I made some last week with some cream cheese icing and it was amazing. I think I‚Äôll make it again tomorrow. ü§§","Dependent_Stop_3121",2025-10-26,2,t3_1ogq97q,1ogq97q
nlibco2,"Tbf this is the PICKLE subreddit so I feel like every thread slandering any pickle that isn't just a basic pickle kind of sucks.  All pickles are good pickles! Whether you're personally into it or not don't come after people that do. This should only be a place of pickle love :D.","azul360",2025-10-26,41,t3_1ogokq7,1ogokq7
nlhwjpc,"So, can I have your pickles?","valhallaswyrdo",2025-10-26,25,t3_1ogokq7,1ogokq7
nlhxrm8,"I love bread and butter pickles on burgers and sandwiches. I don‚Äôt even fit in on the pickle subreddit :(","v1br4nt",2025-10-26,28,t3_1ogokq7,1ogokq7
nlifudb,"B&B pickles have no business on a hamburger. Ever.","Ok_Orchid1004",2025-10-26,5,t3_1ogokq7,1ogokq7
nlhw453,"Why are you bigoted towards other pickles?","DrFeelOnlyAdequate",2025-10-26,13,t3_1ogokq7,1ogokq7
nlr8jk0,"Are you me? This literally happened to me yesterday. It was my first time trying that restaurant but it left me wondering what restaurant chooses to use bread and butter pickles instead of dill chips? And why?","EpicSaberCat7771",2025-10-28,2,t3_1ogokq7,1ogokq7
nlijsft,"I have to have bread and butter pickles on my burger. I'm disappointed with regular dill. I'm surprised that people don't like them.","Upset_Painter_3812",2025-10-26,2,t3_1ogokq7,1ogokq7
nli2n14,"When I was a young lad I tasted the bread and butter pickles at Nan‚Äôs and from that day forward, I made a swear to myself to never touch these ‚Äúpickles‚Äù again","buttmaster100",2025-10-26,2,t3_1ogokq7,1ogokq7
nlia1i6,"Those are my favorite kind of pickles üò≠","noiness420",2025-10-26,0,t3_1ogokq7,1ogokq7
nlja4g7,"sweet and savory can work, but it's so few and far between i find it baffling how many people insist on making everything they consume sweetened... like this recent rage with candied meat, wtf is wrong with everyone.","lesenfantoublies",2025-10-26,1,t3_1ogokq7,1ogokq7
nljbbaz,"I like both kinds. Even put both kinds on (different) burgers. But you gotta prepare somebody for the sweet pickles","JWarblerMadman",2025-10-26,1,t3_1ogokq7,1ogokq7
nljrwu8,"I love bread and butter pickles. I will defeat you in combat.","opaul11",2025-10-26,1,t3_1ogokq7,1ogokq7
nljz2ie,"I hate bread n butter and fermented pickles. I like run of the mill hot pickle, dill pickle. They just hit different. What a sin!","Powerful-Pea8970",2025-10-26,1,t3_1ogokq7,1ogokq7
nlk0k3w,"Shits evil man. I walk in to walmart just now & shelves of shelves of bread & butter pickles outnumber the regular ones. smh i couldnt find the vlasic crunchy ovals like i had got at one of their other stores near me","theapeartist",2025-10-26,1,t3_1ogokq7,1ogokq7
nlkjdji,"I remember on Mother‚Äôs Day I took my mom to a local restaurant people said was great and I ordered a pastrami with pickles and mustard//First off they put in on a soft French bread bun but from a grocery store , they proceeded to to take what was without a doubt deli meat and fry it in a pan to the point it was shredding and dry//I got my mustard and pickles but these asshole toasted and buttered the shit out of my bread and I was like sooo thrown off, took a bite and was like wtf is this lol//I made them take it back, and she was like I can get you something else‚Ä¶. I literally just said no I‚Äôm good.//That‚Äôs one mistake you‚Äôre not allowed to make lol","Deep-Ad-2784",2025-10-27,1,t3_1ogokq7,1ogokq7
nlm5cym,"you don‚Äôt like bread n budda pickles???  oh dear me.","mademoisellemayhem",2025-10-27,1,t3_1ogokq7,1ogokq7
nlo417r,"I love all pickles except for those. Pickles shouldn't be sweet","ChaoGardenChaos",2025-10-27,1,t3_1ogokq7,1ogokq7
nlotbld,"I. Hate. Bread. And. Butter. Pickles. //I would have demanded my money back lol","Slight_Knight",2025-10-27,1,t3_1ogokq7,1ogokq7
nlq0uf8,"I‚Äôll eat a whole jar of bread and butter pickles. You know this is the pickle sub yeah?","Cold_Tower_2215",2025-10-27,1,t3_1ogokq7,1ogokq7
nlu73tu,"This is simply the wrong place at the wrong time. I think being big pickles are great, but I would not like them on my burger. I can absolutely see why you are traumatized. I hope you told them about their slutty burgers","DueProgress7671",2025-10-28,1,t3_1ogokq7,1ogokq7
nliamj5,"I love B'n'B's on a burger. We made 'em at the restaraunt I worked at years ago - like, 20-30lbs of cukes at a time. Simple quick-pickles with white vinegar, white sugar, peppercorns, mustard seed, coriander, salt, water. //We had people ask for extra pickles pretty often, so we just gave 'em entire handfuls in a bowl and went, ""Yeah, go for it. We've got like, many gallons of these.""","anothersip",2025-10-26,1,t3_1ogokq7,1ogokq7
nlmyzu5,"bread and butter pickles on a burger is highly irregular, though. a menu should specify that it‚Äôs going to be a sweet pickle on a burger, because 99 times out of 100 a pickle on a burger is hamburger dill","elanhilation",2025-10-27,2,t1_nlibco2,1ogokq7
nlri14h,"They are all good pickles bront","incrediblystiff",2025-10-28,1,t1_nlibco2,1ogokq7
nli2b6r,"Only in this instance! I'm usually the pickle thief. To make it even better, I of course had ordered extra pickles....","isthatsoreddit",2025-10-26,13,t1_nlhwjpc,1ogokq7
nli4hpn,"This is not a true pickle sub if people don‚Äôt love all varieties of pickles. I‚Äôm shaking my head at all of the posers here.","ColoradoWeasel",2025-10-26,21,t1_nlhxrm8,1ogokq7
nli4n4i,"Me too! I like all pickles. But sometimes a bread and butter pickle fits really well with a sandwich. Especially cold cuts with butter instead of mayonnaise","Shot-Statistician-89",2025-10-26,8,t1_nlhxrm8,1ogokq7
nliaqry,"Yeah honestly this sub gets old.  I love all kinds of pickles (other than extremely hot because my body hates me) so it feels weird how the PICKLE sub is like ""you can only like generic pickles and literally nothing else"".  We need like a r/truepicklefans or something for people like us that actually like all pickles XD","azul360",2025-10-26,4,t1_nlhxrm8,1ogokq7
nlhyqvu,"Same bread and butter pickles on burgers are amazing.","EvenIf-SheFalls",2025-10-26,7,t1_nlhxrm8,1ogokq7
nlilsqy,"I could put mayo, ketchup, tomato, onion, lettuce, and bread & butter pickles on a bun and never miss the burger patty.","Upset_Painter_3812",2025-10-26,2,t1_nlifudb,1ogokq7
nlm3osb,"Your opinion, there Sport!  I love my Spicy B& B pickles on my bacon mushroom cheesburger WITH candied Jalape√±os.","Old_Explorer_4553",2025-10-27,1,t1_nlifudb,1ogokq7
nli3biz,"For real! I went back and looked at the menu,  and there was ZERO mention of bnb. Juat said pickles. The rat bastards","isthatsoreddit",2025-10-26,2,t1_nlhzor2,1ogokq7
nlij1i9,"And need nmto say nothing more than ""bread n butter pickles on my burger""  I feel like there would be pitchforks and torches","isthatsoreddit",2025-10-26,3,t1_nli6fss,1ogokq7
nlm43kh,"That would make so many people sad!  Especially ME!  I deserve the right to put Spicey B& B pickles on my hamburger if I WANT!","Old_Explorer_4553",2025-10-27,1,t1_nligw1k,1ogokq7
nlimu3x,"And I think part of the problem was being completely blindsided.  The description  only said ""pickles"". And let's be honest,  most people aren't putting anything but dill on a burger so they should definitely have specified bnb.  Because,  all joking aside, it was a great burger.","isthatsoreddit",2025-10-26,2,t1_nlijsft,1ogokq7
nli71zr,"They‚Äôre the reason I‚Äôm a little nervous every team I eat and/or buy pickles. It‚Äôs a trick.","honestlykindofmagic",2025-10-26,2,t1_nli2n14,1ogokq7
nln5iyf,"I also like sweet and savory. On some things, lol. Sweet pickles and burgers aren't it, imo. //And. Ew. Candied meat. Why?","isthatsoreddit",2025-10-27,1,t1_nlja4g7,1ogokq7
nliknpv,"Lol I asked for extra not knowing they'd be sweet!//My nephew, is fortunately for him, my favorite thing in the entire universe. And I say 'fortunately  for him"" because the only pickle he likes is bread n butter and if I didn't love him so much I'd  just have to cut my losses. Poor misguided soul.//Lol seriously though, I love making fridge pickles and I'm contemplating making him some. But I've never made bnb so I  haven't  yet because I'm not 100% sure about them. And I don't wat them very often to know how they should look/taste being homemade.  I guess i could make some, taste them an see if i nearly throw up to judge if they're right.","isthatsoreddit",2025-10-26,3,t1_nliamj5,1ogokq7
nlnyd2f,"You do realize it was an obvious joke? Like obviously it's a joke because one is not calling cops over pickles //Unless you take my pickles. Then you're catching hands.//The issue was there was no indication that I should be expecting a bread n butter on a burger. Most people  would never put anything  but a dill pickle on a burger. Plus, this sub loves to tease about bread n butter pickles.  So I was sharing my weird experience in a humorous manner.","isthatsoreddit",2025-10-27,1,t1_nlleo8q,1ogokq7
nlibr52,"I recently tried some homemade spicy b&b pickles at a cheese party and they were so insanely good. But, they are so flavorful they need to be eaten on their own. Definitely do not belong on a burger!","fakesaucisse",2025-10-26,8,t1_nli2rgr,1ogokq7
nlk1hyy,"I dunno, I got some of the Famous Dave's Devil's Spit pickles and have never been so disappointed in my life. Sure they had some heat but the sweetness absolutely killed it for me.","TheWillyWonkaofWeed",2025-10-26,1,t1_nli2rgr,1ogokq7
nlin05g,"A lot of this sub does have that problem yeah XD.  I don't mean offense but it's crazy how elitist the sub that is supposed to be all about the love of pickles actually is.  The world sucks enough.  Whether you're a fan or not just spread the pickle love we all need in these times.  Pickles make the world go round :D.","azul360",2025-10-26,4,t1_nlil62e,1ogokq7
nlm34ui,"Yes they do!  Especially the hot and spicy ones! I don‚Äôt like dill , never have!  Give me my spicey Bread & Butter pickles , with candied jalape√±o peppers , pleeze!","Old_Explorer_4553",2025-10-27,1,t1_nljz4xj,1ogokq7
nltcfoc,"Hell yes! See pickles bring us all together! <3  Hope you have a great day!","azul360",2025-10-28,1,t1_nlt7ih2,1ogokq7
nlmzg5g,"i can envision a burger with bread and butter that‚Äôs good, but i wouldn‚Äôt put exactly the same toppings on it as i would a burger with dill. definitely would skip the ketchup, maybe add a dab of mustard, probably go with caramelized onions instead of raw. it‚Äôd be a whole different thing, dill and sweet pickles aren‚Äôt a one for one replacement","elanhilation",2025-10-27,1,t1_nlm3cx5,1ogokq7
nli5s6l,"There should be two subs. Pickles and pickletoddlers.","ColoradoWeasel",2025-10-26,7,t1_nli4hpn,1ogokq7
nli6ag5,"That's like saying r/sushi is illegitimate unless everyone there likes cream cheese rolls. Or that r/pizza needs to have everyone like pineapple. //Nothing wrong with liking the sweet outlier, but that doesn't mean everyone else's appreciation is disqualified","SuperSecretMoonBase",2025-10-26,2,t1_nli4hpn,1ogokq7
nli3h7a,"Comped meal and a year of free non-candied pickles and you're even.","Mr_Gray",2025-10-26,2,t1_nli32gv,1ogokq7
nlhza5j,"Why cant pickles be a dessert?","DrFeelOnlyAdequate",2025-10-26,10,t1_nlhyjkx,1ogokq7
nlk1eu8,"See, if I had bitten into that burger, I'd be happy. I'd think to myself, ""Bread and butter pickles. Yum. Classy pickle upgrade!"" I understand where you're coming from. I personally hate dill pickles on chicken sandwiches. Even if they are removed, the dill pickle juice has absorbed into the bun. I'm not one to eat bnb pickles straight out of jar. I only eat them on hamburgers when my husband grills.","Upset_Painter_3812",2025-10-26,1,t1_nlimu3x,1ogokq7
nluo0jd,"Aha well there are probably plenty of posts about pickles there also","Cold_Tower_2215",2025-10-28,1,t1_nlq5zut,1ogokq7
nlj8sje,"For sure! Yeah, I mean - if you make a quick-pickle brine (use hot/extra-warm water/vinegar), then you'll be able to tell pretty quickly if you like 'em. Like, a few pickling cucumbers to dump the brine over, your mandoline/knife, jar, saucepan, and your brine ingredients/spices is all it takes.//Especially when your brine is heating up and the spices are infusing with the vinegar brine. It's extra-strong in the air, and it's absolutely magical (if you're into that, of course) - I love it.//Of course, you could leave the sugar out. Or cut the amount of sugar by 3/4's - I don't like mine too super sweet, but I like some amount of sweetness for a BnB batch. They go really well with a charcuterie plate/board, especially with extra-salty cheeses or cured meats. The bit of sweetness acts almost how a good preserves would, served with the rest of the board. Complementary 'n such. //But yeah, it's not for everyone :P","anothersip",2025-10-26,1,t1_nliknpv,1ogokq7
nlio8fo,"The world just needs more pickles. Pickles = love","isthatsoreddit",2025-10-26,14,t1_nlin05g,1ogokq7
nliuzqm,"I have that problem.  I'd never call anyone out on their choice in pickles.  But, as far as I'm concerned, if it isn't a form of dill, it isn't for me.","bpleshek",2025-10-26,11,t1_nlin05g,1ogokq7
nli35ro,"No, but I will happily take any leftover pickles. üòÅ","EvenIf-SheFalls",2025-10-26,7,t1_nli2zao,1ogokq7
nlog9c6,"Calling the cops, declaring trauma, over pickles, plus all the various comments and replies on this post wasnt clearly a joke?? How?? //And idk how can explain any clearer that the source of the joke was me getting bread n butter pickles on a burger instead of dill. Because it's  a generally accepted practice to put only dill pickles on a burger .   I ....I'm  genuinely not sure if you're juat trolling me right now or if you truly think  someone is actually crying  trauma over fricking pickles.//I'm going with it just has to be trolling. Stay briney friend","isthatsoreddit",2025-10-27,0,t1_nlo94tc,1ogokq7
nlnq1q7,"Bread and butter pickles are an abomination.","Tasty_Clue2802",2025-10-27,3,t1_nliuzqm,1ogokq7
nlihoby,"Putting a bread and butter pickles on a burger and with no indication (because  hello, who does that) is INDEED  a crime!! *stomps off hugging a jar of proper DILL pickles and muttering about kids on the lawn*","isthatsoreddit",2025-10-26,4,t1_nlidj80,1ogokq7
nlii41v,"I think, if we're getting technical, this is jokes about personal taste. It's hyperbole. Nobody here thinks they're genuinely a war crime.//I get it though. That's how I feel about the apparent jokes about melts on r/grilled cheese. Being on the other end of things makes it hard to tell, sometimes","SuperSecretMoonBase",2025-10-26,1,t1_nli6z5z,1ogokq7
nlihxec,"Lol just in the last couple of years I started liking spicy bnb. But sweet pickles only if they're also spicy.","isthatsoreddit",2025-10-26,4,t1_nli35ro,1ogokq7
nlm3wem,"Oh contraire!  It‚Äôs the best ever ! I love my Spivey B&B pickles on my bacon cheeseburger with mushrooms, lettuce , tomato , and spicey sweet Jalapinos!","Old_Explorer_4553",2025-10-27,1,t1_nlin1bx,1ogokq7
nlo8anv,"That's so awesome. I love that you have some great memories around that. I guess canning and such is just how things were done back in the day for lotsa' folks... My family included. My great-aunt and great-uncle would make huge batches of jams/preserves and give a bunch away as gifts to friends. I guess it went from necessity to novelty throughout the decades, 'cause they were totally fine on money but still saved every dime and even all the fruit/veggie scraps went from the kitchen to the donkeys.//My favorite was when they jarred up pickled okra - they'd pick up a half-bushel from the farmer's market and make a big ol' pot of brine. I remember being sent to the basement to bring up the jars and salt boxes, and then helping scrub all this okra in the sink while standing on a stool so I could reach the faucet, haha. I love all pickled things, so those were some of my favorite days: *Truly unlimited pickles, fresh veggies from the farmer's market and home-made. Aw yissss.*//And when it was peach season, oh my god. The best, fresh peaches. Yellow peaches and white freestones with every meal. Like candy.","anothersip",2025-10-27,1,t1_nln4zqk,1ogokq7
nlohn5q,"I don‚Äôt know - I still don‚Äôt get what‚Äôs the issue here? You don‚Äôt like pickles?//I don‚Äôt troll people, so let me clear that part up, but you‚Äôre getting defensive because I‚Äôm missing the joke. I get you‚Äôre joking now, but from the post I didn‚Äôt understand what the actual problem was.","Leather-Heart",2025-10-27,0,t1_nlog9c6,1ogokq7
nlnx3xu,"I mean, other than teasing, we are? Lots of people actually  like bnb and we're not kicking them out, lol.  I also see people give each other a hard time over liking vinegar pickles over fermented and vice versa. It's  reddit, sarcasm is currency.","isthatsoreddit",2025-10-27,4,t1_nljdcmp,1ogokq7
nlevgjx,"Haha! Synonymon buns, nice!","FaithKneaded",2025-10-26,8,t3_1og8t48,1og8t48
nlemah7,"Maybe you can just divide your favorite regular sized bread loaf recipe into quarters.  ////Or do what I do:  I make a bunch of dough for 12"" pizza crusts and freeze them. Then I use a batch of that dough to make 2 (a bit large) burger buns.","Red-Leader-001",2025-10-26,2,t3_1og7dag,1og7dag
nljv78o,"# Buns, Burger//Makes 2 buns//Ingredients:  /1/4 c warm water (too hot will kill the yeast, too cool will not let the yeast grow)  /1/2 tsp yeast  /1 tbs sugar  /1 1/2 tsp butter  /1/2 egg (about 2 tbsp of beaten egg)  /3/4 c bread flour  /1/4 tsp salt//Directions: 350\*//1. In a mixing bowl, add ingredients with salt last. Water should be lukewarm, too hot will kill the yeast, too cold will not activate the yeast./2. Mix with a dough hook or by hand until smooth. You may have to add a tidge of water or flour (could be up to a 1/4 cup), depending on the humidity, to make it nice and smooth./3. Spray the top of the dough with cooking spray (lightly) and cover the bowl with a damp cloth. Let rise until doubled in size (about 1 to 2 hours) or in a bag in the refrigerator overnight./4. Form into 2-3 rolls and let rise until almost doubled in size./5. Brush with melted butter and sprinkle with seeds of your choice.//Bake rolls - 15 - 18 min. Then brush with more melted butter.","TheNordicFairy",2025-10-26,2,t3_1og7dag,1og7dag
nli8q6l,"Yeah, I think you'd DEFINITELY profit from the opinion of an expert such as I am. Yes, please DM me and I'll tell you where to ship them overnight. Please make sure that two remain as they are, two have a cream caramel glaze, and two have a cream cheese frosting. That way, I can scarf them down, I meant, judge them well...","ajqiz123",2025-10-26,2,t3_1og73k2,1og73k2
nlh69ud,"I don‚Äôt hate frosting. I love a good cream cheese or apple cider vinegar buttercream frosting. But most of the time it‚Äôs applied too thick and it‚Äôs too sickly sweet to do anything other than detract from the lovely spices. A sugar glaze would be nice though.","AotKT",2025-10-26,3,t1_nlellrc,1og73k2
nlf7d9c,"When you make your own you can make it amazing. Cream cheese, a little butter, vanilla and juuuust enough powder sugar to make it into icing","eatpraymunt",2025-10-26,36,t1_nlenv44,1og73k2
nlemckd,"Always grate your own cheese","jibaro1953",2025-10-26,1,t3_1og3pn1,1og3pn1
nlfgzyq,"It is! Mixed berries jam. My gf introduced me to it, granted she doesn‚Äôt eat cheese but she introduced me to jam with bread and ever since I kinda went overboard with it. I love her so much","Davidthebread",2025-10-26,1,t1_nlddjb7,1ofzsl6
nlkf8xq,"They are super good, I used to think they were just expensive but normal pickles in a bag. Once I tried them, I was hooked! I like to get them as treats on road trips lol","raerabbit27",2025-10-27,1,t3_1ofwldm,1ofwldm
nlk6ztz,"OP, I‚Äôve made a halloumi crumble with pepitas.//We take crumbled cheese (do the hanging thing at the top of this thread to get yours extra dry and crumbly), spices, pepitas, and a little neutral oil in a non-stick pan on low-medium heat and let it go until it‚Äôs crackling, then we flip it, let it go until browned and break it up. You need to add fat to the pan because ch√®vre is pretty low fat as far as cheeses go.","YoullBruiseTheEggs",2025-10-26,1,t1_nlbsnrl,1ofuunz
nlfi4n2,"*sigh* I want to go somewhere just to buy a bucket of pickles.","Abandonedstate",2025-10-26,1,t3_1ofcxll,1ofcxll
nli4hfi,"Apparently they also make bread and butter pickles now as well!","PrincessLinked",2025-10-26,1,t1_nl84qx3,1ofcxll
nlw6nyf,"Thats just the pickles, a sandwich is over $20.","SolidSnek1998",2025-10-28,1,t1_nlw2upg,1ofcxll
nlhhdfg,"I hope this doesn't seem rude, but I'm very much learning how to make different breads, buns, rolls, etc., but are the rolls supposed to look as dense as they do? Should they have had a little longer cooking? Or, is the inside what they should look like?","Fluid_Cauliflower237",2025-10-26,1,t3_1of9rnu,1of9rnu
nlh8r5i,"I mix my dry seasonings into the flour first, so sorry about that! If I have add ins like cheese or jalapeno or cranberry/walnut I add those in during shaping. /If you make it, report back, I would love to see!!!","animalsweedandcoffee",2025-10-26,2,t1_nlcp6ui,1of9rnu
nlfrz4r,"I want a big ol bag of these and some cheese dip!","deep-fucking-legend",2025-10-26,1,t3_1of7m5h,1of7m5h
nlemxmw,"It makes me miss the days where I worked in this little mom and pop shop Italian deli and the pickles came in large 5 gallon buckets.  When we used all the pickles, we dumped the juice.  Thinking back to that makes me want to cry now‚Ä¶what fools we were!","dezie1224",2025-10-26,2,t3_1of3ewt,1of3ewt
nlipr3j,"If he would retain the pickle juice when all the pickles were sold. I bought a pickle (as one does) and noticed he was down to the last three so I asked. He kindly pulled the pickles and gave it to me.","edwardothegreatest",2025-10-26,1,t1_nlf3j3e,1of3ewt
nleoegz,"Omg I wish I tried to make cheese sauce with this and it was a fail. Made a honey mustard sauce instead.","mongoosai",2025-10-26,1,t1_nl9law4,1oefrwl
nlf63k9,"I‚Äôve heard sodium citrate is the secret ingredient to making commercial-style cheese sauce","ajdudhebsk",2025-10-26,2,t1_nleoegz,1oefrwl
nljqvel,"Lost 50 pounds eating a shitton of pickles","Konilos",2025-10-26,2,t1_nl49dcy,1ods1em
nlgeras,"What? No cheese?","EveryValuable1503",2025-10-26,1,t3_1odlowg,1odlowg
nlgsg66,"I didnt have cheese in my fridge¬†","ConferenceNo8396",2025-10-26,1,t1_nlgeras,1odlowg
nlhusq6,"Ya my son and I both tried it cuz he LOVES pickles. We both hated it","R2-D2savestheday",2025-10-26,2,t3_1odfly8,1odfly8
